path,subject,date
/media/kceniabougrova/Seagate Basic/IBL_server_PC_20250529/kb/data/one/mainenlab/Subjects/ZFM-02128/2021-04-26,ZFM-02128,2021-04-26
/media/kceniabougrova/Seagate Basic/IBL_server_PC_20250529/kb/data/one/mainenlab/Subjects/ZFM-03059/2021-10-29,ZFM-03059,2021-10-29
/media/kceniabougrova/Seagate Basic/IBL_server_PC_20250529/kb/data/one/mainenlab/Subjects/ZFM-03059/2021-09-08,ZFM-03059,2021-09-08
/media/kceniabougrova/Seagate Basic/IBL_server_PC_20250529/kb/data/one/mainenlab/Subjects/ZFM-03062/2021-10-13,ZFM-03062,2021-10-13
/media/kceniabougrova/Seagate Basic/IBL_server_PC_20250529/kb/data/one/mainenlab/Subjects/ZFM-03062/2021-09-01,ZFM-03062,2021-09-01
/media/kceniabougrova/Seagate Basic/IBL_server_PC_20250529/kb/data/one/mainenlab/Subjects/ZFM-03062/2021-09-20,ZFM-03062,2021-09-20
/media/kceniabougrova/Seagate Basic/IBL_server_PC_20250529/kb/data/one/mainenlab/Subjects/ZFM-03065/2021-10-13,ZFM-03065,2021-10-13
/media/kceniabougrova/Seagate Basic/IBL_server_PC_20250529/kb/data/one/mainenlab/Subjects/ZFM-03065/2021-10-20,ZFM-03065,2021-10-20
/media/kceniabougrova/Seagate Basic/IBL_server_PC_20250529/kb/data/one/mainenlab/Subjects/ZFM-03065/2021-09-20,ZFM-03065,2021-09-20
/media/kceniabougrova/Seagate Basic/IBL_server_PC_20250529/kb/data/one/mainenlab/Subjects/ZFM-03447/2022-01-13,ZFM-03447,2022-01-13
/media/kceniabougrova/Seagate Basic/IBL_server_PC_20250529/kb/data/one/mainenlab/Subjects/ZFM-03447/2022-01-25,ZFM-03447,2022-01-25
/media/kceniabougrova/Seagate Basic/IBL_server_PC_20250529/kb/data/one/mainenlab/Subjects/ZFM-03447/2022-01-26,ZFM-03447,2022-01-26
/media/kceniabougrova/Seagate Basic/IBL_server_PC_20250529/kb/data/one/mainenlab/Subjects/ZFM-03447/2021-11-10,ZFM-03447,2021-11-10
/media/kceniabougrova/Seagate Basic/IBL_server_PC_20250529/kb/data/one/mainenlab/Subjects/ZFM-03447/2021-12-14,ZFM-03447,2021-12-14
/media/kceniabougrova/Seagate Basic/IBL_server_PC_20250529/kb/data/one/mainenlab/Subjects/ZFM-03448/2023-05-12,ZFM-03448,2023-05-12
/media/kceniabougrova/Seagate Basic/IBL_server_PC_20250529/kb/data/one/mainenlab/Subjects/ZFM-03448/2022-01-13,ZFM-03448,2022-01-13
/media/kceniabougrova/Seagate Basic/IBL_server_PC_20250529/kb/data/one/mainenlab/Subjects/ZFM-03448/2022-01-24,ZFM-03448,2022-01-24
/media/kceniabougrova/Seagate Basic/IBL_server_PC_20250529/kb/data/one/mainenlab/Subjects/ZFM-03448/2022-01-25,ZFM-03448,2022-01-25
/media/kceniabougrova/Seagate Basic/IBL_server_PC_20250529/kb/data/one/mainenlab/Subjects/ZFM-03448/2021-11-11,ZFM-03448,2021-11-11
/media/kceniabougrova/Seagate Basic/IBL_server_PC_20250529/kb/data/one/mainenlab/Subjects/ZFM-03448/2021-11-20,ZFM-03448,2021-11-20
/media/kceniabougrova/Seagate Basic/IBL_server_PC_20250529/kb/data/one/mainenlab/Subjects/ZFM-03448/2021-12-14,ZFM-03448,2021-12-14
/media/kceniabougrova/Seagate Basic/IBL_server_PC_20250529/kb/data/one/mainenlab/Subjects/ZFM-03450/2021-11-18,ZFM-03450,2021-11-18
/media/kceniabougrova/Seagate Basic/IBL_server_PC_20250529/kb/data/one/mainenlab/Subjects/ZFM-03450/2021-11-26,ZFM-03450,2021-11-26
/media/kceniabougrova/Seagate Basic/IBL_server_PC_20250529/kb/data/one/mainenlab/Subjects/ZFM-04019/2023-05-12,ZFM-04019,2023-05-12
/media/kceniabougrova/Seagate Basic/IBL_server_PC_20250529/kb/data/one/mainenlab/Subjects/ZFM-04019/2023-06-21,ZFM-04019,2023-06-21
/media/kceniabougrova/Seagate Basic/IBL_server_PC_20250529/kb/data/one/mainenlab/Subjects/ZFM-04019/2023-06-23,ZFM-04019,2023-06-23
/media/kceniabougrova/Seagate Basic/IBL_server_PC_20250529/kb/data/one/mainenlab/Subjects/ZFM-04019/2022-05-04,ZFM-04019,2022-05-04
/media/kceniabougrova/Seagate Basic/IBL_server_PC_20250529/kb/data/one/mainenlab/Subjects/ZFM-04019/2022-02-08,ZFM-04019,2022-02-08
/media/kceniabougrova/Seagate Basic/IBL_server_PC_20250529/kb/data/one/mainenlab/Subjects/ZFM-04019/2022-03-23,ZFM-04019,2022-03-23
/media/kceniabougrova/Seagate Basic/IBL_server_PC_20250529/kb/data/one/mainenlab/Subjects/ZFM-04019/2022-03-25,ZFM-04019,2022-03-25
/media/kceniabougrova/Seagate Basic/IBL_server_PC_20250529/kb/data/one/mainenlab/Subjects/ZFM-04022/2023-01-13,ZFM-04022,2023-01-13
/media/kceniabougrova/Seagate Basic/IBL_server_PC_20250529/kb/data/one/mainenlab/Subjects/ZFM-04022/2023-05-12,ZFM-04022,2023-05-12
/media/kceniabougrova/Seagate Basic/IBL_server_PC_20250529/kb/data/one/mainenlab/Subjects/ZFM-04022/2022-02-08,ZFM-04022,2022-02-08
/media/kceniabougrova/Seagate Basic/IBL_server_PC_20250529/kb/data/one/mainenlab/Subjects/ZFM-04026/2022-05-27,ZFM-04026,2022-05-27
/media/kceniabougrova/Seagate Basic/IBL_server_PC_20250529/kb/data/one/mainenlab/Subjects/ZFM-04392/2023-05-12,ZFM-04392,2023-05-12
/media/kceniabougrova/Seagate Basic/IBL_server_PC_20250529/kb/data/one/mainenlab/Subjects/ZFM-04392/2023-06-21,ZFM-04392,2023-06-21
/media/kceniabougrova/Seagate Basic/IBL_server_PC_20250529/kb/data/one/mainenlab/Subjects/ZFM-04392/2023-06-23,ZFM-04392,2023-06-23
/media/kceniabougrova/Seagate Basic/IBL_server_PC_20250529/kb/data/one/mainenlab/Subjects/ZFM-04533/2022-09-20,ZFM-04533,2022-09-20
/media/kceniabougrova/Seagate Basic/IBL_server_PC_20250529/kb/data/one/mainenlab/Subjects/ZFM-04533/2022-07-13,ZFM-04533,2022-07-13
/media/kceniabougrova/Seagate Basic/IBL_server_PC_20250529/kb/data/one/mainenlab/Subjects/ZFM-04534/2022-09-14,ZFM-04534,2022-09-14
/media/kceniabougrova/Seagate Basic/IBL_server_PC_20250529/kb/data/one/mainenlab/Subjects/ZFM-04534/2022-09-21,ZFM-04534,2022-09-21
/media/kceniabougrova/Seagate Basic/IBL_server_PC_20250529/kb/data/one/mainenlab/Subjects/ZFM-05235/2023-06-20,ZFM-05235,2023-06-20
/media/kceniabougrova/Seagate Basic/IBL_server_PC_20250529/kb/data/one/mainenlab/Subjects/ZFM-05235/2023-01-05,ZFM-05235,2023-01-05
/media/kceniabougrova/Seagate Basic/IBL_server_PC_20250529/kb/data/one/mainenlab/Subjects/ZFM-05236/2022-11-05,ZFM-05236,2022-11-05
/media/kceniabougrova/Seagate Basic/IBL_server_PC_20250529/kb/data/one/mainenlab/Subjects/ZFM-05236/2022-11-28,ZFM-05236,2022-11-28
/media/kceniabougrova/Seagate Basic/IBL_server_PC_20250529/kb/data/one/mainenlab/Subjects/ZFM-05245/2023-02-17,ZFM-05245,2023-02-17
/media/kceniabougrova/Seagate Basic/IBL_server_PC_20250529/kb/data/one/mainenlab/Subjects/ZFM-05245/2023-01-31,ZFM-05245,2023-01-31
/media/kceniabougrova/Seagate Basic/IBL_server_PC_20250529/kb/data/one/mainenlab/Subjects/ZFM-05248/2023-03-21,ZFM-05248,2023-03-21
/media/kceniabougrova/Seagate Basic/IBL_server_PC_20250529/kb/data/one/mainenlab/Subjects/ZFM-05248/2023-06-20,ZFM-05248,2023-06-20
/media/kceniabougrova/Seagate Basic/IBL_server_PC_20250529/kb/data/one/mainenlab/Subjects/ZFM-05248/2022-11-28,ZFM-05248,2022-11-28
/media/kceniabougrova/Seagate Basic/IBL_server_PC_20250529/kb/data/one/mainenlab/Subjects/ZFM-05248/2022-11-29,ZFM-05248,2022-11-29
/media/kceniabougrova/Seagate Basic/IBL_server_PC_20250529/kb/data/one/mainenlab/Subjects/ZFM-06271/2023-11-10,ZFM-06271,2023-11-10
/media/kceniabougrova/Seagate Basic/IBL_server_PC_20250529/kb/data/one/mainenlab/Subjects/ZFM-06272/2023-09-14,ZFM-06272,2023-09-14
